{"cameraMode":{"drawMode":0,"name":"Shaded","section":"Shading Mode"},"sceneLighting":false,"audioPlay":false,"sceneViewState":{"m_AlwaysRefresh":false,"showFog":true,"showSkybox":false,"showFlares":true,"showImageEffects":true,"showParticleSystems":true,"showVisualEffectGraphs":true,"m_FxEnabled":true},"in2DMode":false,"pivot":{"x":-8.729987144470215,"y":22.75762367248535,"z":0.16958332061767579},"rotation":{"x":-0.11374672502279282,"y":0.010725562460720539,"z":-0.0012280521914362908,"w":-0.9934515953063965},"size":1.732050895690918,"orthographic":false}